episode,timestep,reward,steps
1,25,-1.24,25
2,40,-1.14,15
3,48,-1.07,8
4,53,-1.04,5
5,66,-1.12,13
6,71,-1.04,5
7,84,-1.12,13
8,90,-1.05,6
9,93,-1.02,3
10,110,-1.16,17
11,144,-1.33,34
12,158,-1.13,14
13,165,-1.06,7
14,196,-1.3,31
15,203,-1.06,7
16,208,-1.04,5
17,211,-1.02,3
18,235,-1.23,24
19,250,-1.14,15
20,266,-1.15,16
21,278,-1.11,12
22,290,-1.11,12
23,296,-1.05,6
24,302,-1.05,6
25,326,-1.23,24
26,340,-1.13,14
27,343,-1.02,3
28,352,-1.08,9
29,361,-1.08,9
30,372,-1.1,11
31,380,-1.07,8
32,388,-1.07,8
33,407,-1.18,19
34,410,-1.02,3
35,437,-1.26,27
36,451,-1.13,14
37,461,-1.09,10
38,489,-1.27,28
39,496,-1.06,7
40,504,-1.07,8
41,513,-1.08,9
42,519,-1.05,6
43,550,-1.3,31
44,569,-1.18,19
45,575,-1.05,6
46,593,-1.17,18
47,601,-1.07,8
48,616,-1.14,15
49,628,-1.11,12
50,631,-1.02,3
51,658,-1.26,27
52,663,-1.04,5
53,670,-1.06,7
54,711,-1.4,41
55,714,-1.02,3
56,720,-1.05,6
57,740,-1.19,20
58,754,-1.13,14
59,759,-1.04,5
60,766,-1.06,7
61,791,-1.24,25
62,804,-1.12,13
63,808,-1.03,4
64,825,-1.16,17
65,848,-1.22,23
66,866,-1.17,18
67,916,-0.5,50
68,955,-1.38,39
69,980,-1.24,25
70,996,-1.15,16
71,1007,-1.1,11
72,1011,-1.03,4
73,1021,-1.09,10
74,1071,-0.5,50
75,1085,-1.13,14
76,1099,-1.13,14
77,1119,-1.19,20
78,1124,-1.04,5
79,1130,-1.05,6
80,1144,-1.13,14
81,1156,-1.11,12
82,1163,-1.06,7
83,1169,-1.05,6
84,1185,-1.15,16
85,1202,-1.16,17
86,1216,-1.13,14
87,1240,-1.23,24
88,1247,-1.06,7
89,1280,-1.32,33
90,1285,-1.04,5
91,1299,-1.13,14
92,1316,-1.16,17
93,1351,-1.34,35
94,1354,-1.02,3
95,1404,-0.5,50
96,1409,-1.04,5
97,1421,-1.11,12
98,1439,-1.17,18
99,1489,-0.5,50
100,1496,-1.06,7
101,1533,-1.36,37
102,1544,-1.1,11
103,1557,-1.12,13
104,1580,-1.22,23
105,1592,-1.11,12
106,1599,-1.06,7
107,1624,-1.24,25
108,1646,-1.21,22
109,1683,-1.36,37
110,1719,-1.35,36
111,1745,-1.25,26
112,1795,-0.5,50
113,1811,-1.15,16
114,1831,-1.19,20
115,1844,-1.12,13
116,1876,-1.31,32
117,1896,-1.19,20
118,1907,-1.1,11
119,1923,-1.15,16
120,1936,-1.12,13
121,1947,-1.1,11
122,1994,-1.46,47
123,2002,-1.07,8
124,2030,-1.27,28
125,2047,-1.16,17
126,2072,-1.24,25
127,2118,-1.45,46
128,2126,-1.07,8
129,2132,-1.05,6
130,2146,-1.13,14
131,2154,-1.07,8
132,2162,-1.07,8
133,2166,-1.03,4
134,2171,-1.04,5
135,2192,-1.2,21
136,2210,-1.17,18
137,2260,-0.5,50
138,2297,-1.36,37
139,2308,-1.1,11
140,2349,0.6,41
141,2373,-1.23,24
142,2394,-1.2,21
143,2404,-1.09,10
144,2414,-1.09,10
145,2420,-1.05,6
146,2423,-1.02,3
147,2438,-1.14,15
148,2457,-1.18,19
149,2487,-1.29,30
150,2494,-1.06,7
151,2498,-1.03,4
152,2512,-1.13,14
153,2526,-1.13,14
154,2553,-1.26,27
155,2576,0.78,23
156,2595,-1.18,19
157,2610,-1.14,15
158,2617,-1.06,7
159,2624,-1.06,7
160,2637,-1.12,13
161,2640,-1.02,3
162,2652,-1.11,12
163,2674,-1.21,22
164,2713,-1.38,39
165,2717,-1.03,4
166,2754,-1.36,37
167,2804,0.51,50
168,2837,0.68,33
169,2844,-1.06,7
170,2887,0.58,43
171,2906,0.82,19
172,2909,-1.02,3
173,2912,-1.02,3
174,2916,-1.03,4
175,2933,-1.16,17
176,2938,-1.04,5
177,2952,0.87,14
178,2955,-1.02,3
179,2970,-1.14,15
180,2993,-1.22,23
181,3043,-0.5,50
182,3063,-1.19,20
183,3097,-1.33,34
184,3130,-1.32,33
185,3157,-1.26,27
186,3207,-0.5,50
187,3212,-1.04,5
188,3226,-1.13,14
189,3276,-0.5,50
190,3294,-1.17,18
191,3301,-1.06,7
192,3306,-1.04,5
193,3314,-1.07,8
194,3348,-1.33,34
195,3370,-1.21,22
196,3399,0.72,29
197,3439,-1.39,40
198,3461,0.79,22
199,3481,-1.19,20
200,3526,-1.44,45
201,3539,-1.12,13
202,3589,-0.5,50
203,3592,-1.02,3
204,3595,-1.02,3
205,3603,-1.07,8
206,3630,0.74,27
207,3648,-1.17,18
208,3661,-1.12,13
209,3675,-1.13,14
210,3683,-1.07,8
211,3700,-1.16,17
212,3708,-1.07,8
213,3755,0.54,47
214,3805,-0.5,50
215,3820,0.86,15
216,3824,-1.03,4
217,3839,-1.14,15
218,3850,-1.1,11
219,3884,-1.33,34
220,3900,-1.15,16
221,3905,-1.04,5
222,3927,0.79,22
223,3938,-1.1,11
224,3953,-1.14,15
225,3957,-1.03,4
226,3990,0.68,33
227,4017,0.74,27
228,4035,-1.17,18
229,4052,-1.16,17
230,4060,0.93,8
231,4068,-1.07,8
232,4075,-1.06,7
233,4078,-1.02,3
234,4091,0.88,13
235,4121,0.71,30
236,4139,0.83,18
237,4161,-1.21,22
238,4169,-1.07,8
239,4198,0.72,29
240,4204,-1.05,6
241,4228,0.77,24
242,4274,0.55,46
243,4302,-1.27,28
244,4337,-1.34,35
245,4351,-1.13,14
246,4367,-1.15,16
247,4371,-1.03,4
248,4377,-1.05,6
249,4407,-1.29,30
250,4413,-1.05,6
251,4431,-1.17,18
252,4435,-1.03,4
253,4449,-1.13,14
254,4456,-1.06,7
255,4466,-1.09,10
256,4481,-1.14,15
257,4515,0.67,34
258,4565,-0.5,50
259,4568,-1.02,3
260,4578,-1.09,10
261,4583,-1.04,5
262,4616,-1.32,33
263,4634,-1.17,18
264,4642,-1.07,8
265,4676,-1.33,34
266,4683,-1.06,7
267,4704,-1.2,21
268,4734,0.71,30
269,4737,-1.02,3
270,4748,-1.1,11
271,4761,-1.12,13
272,4811,-0.5,50
273,4861,-1.49,50
274,4905,-1.43,44
275,4939,-1.33,34
276,4959,0.81,20
277,4997,0.63,38
278,5028,-1.3,31
279,5045,-1.16,17
280,5049,-1.03,4
281,5053,-1.03,4
282,5062,0.92,9
283,5076,-1.13,14
284,5081,-1.04,5
285,5104,-1.22,23
286,5125,-1.2,21
287,5160,0.66,35
288,5210,-0.5,50
289,5213,-1.02,3
290,5233,-1.19,20
291,5238,-1.04,5
292,5255,0.84,17
293,5289,-1.33,34
294,5298,-1.08,9
295,5302,-1.03,4
296,5313,-1.1,11
297,5363,-0.5,50
298,5370,-1.06,7
299,5375,-1.04,5
300,5378,-1.02,3
301,5391,0.88,13
302,5403,-1.11,12
303,5453,-0.5,50
304,5503,-0.5,50
305,5506,-1.02,3
306,5517,0.9,11
307,5525,-1.07,8
308,5528,-1.02,3
309,5546,0.83,18
310,5552,-1.05,6
311,5562,-1.09,10
312,5567,-1.04,5
313,5585,-1.17,18
314,5589,-1.03,4
315,5613,-1.23,24
316,5646,0.68,33
317,5668,-1.21,22
318,5676,-1.07,8
319,5680,-1.03,4
320,5683,-1.02,3
321,5686,-1.02,3
322,5700,-1.13,14
323,5715,0.86,15
324,5736,0.8,21
325,5739,-1.02,3
326,5744,-1.04,5
327,5758,-1.13,14
328,5781,-1.22,23
329,5798,0.84,17
330,5802,-1.03,4
331,5805,-1.02,3
332,5811,-1.05,6
333,5815,-1.03,4
334,5818,-1.02,3
335,5833,-1.14,15
336,5838,-1.04,5
337,5843,-1.04,5
338,5849,-1.05,6
339,5865,0.85,16
340,5898,0.68,33
341,5948,-0.5,50
342,5975,-1.26,27
343,6011,-1.35,36
344,6061,-0.5,50
345,6071,-1.09,10
346,6075,-1.03,4
347,6087,-1.11,12
348,6093,-1.05,6
349,6143,-0.5,50
350,6175,0.69,32
351,6225,-0.5,50
352,6275,-0.5,50
353,6325,-0.5,50
354,6375,-0.5,50
355,6425,-0.5,50
356,6445,-1.19,20
357,6495,-0.5,50
358,6545,-0.5,50
359,6548,-1.02,3
360,6598,-0.5,50
361,6618,0.81,20
362,6651,0.68,33
363,6701,-0.5,50
364,6711,-1.09,10
365,6761,-0.5,50
366,6784,-1.22,23
367,6791,-1.06,7
368,6803,-1.11,12
369,6820,-1.16,17
370,6870,-0.5,50
371,6920,-0.5,50
372,6925,-1.04,5
373,6975,-0.5,50
374,6980,-1.04,5
375,6985,-1.04,5
376,6998,-1.12,13
377,7012,-1.13,14
378,7045,0.68,33
379,7095,-0.5,50
380,7132,-1.36,37
381,7143,-1.1,11
382,7155,-1.11,12
383,7205,-0.5,50
384,7255,-0.5,50
385,7273,-1.17,18
386,7282,-1.08,9
387,7332,-0.5,50
388,7382,-0.5,50
389,7401,-1.18,19
390,7409,-1.07,8
391,7448,0.62,39
392,7498,-0.5,50
393,7537,0.62,39
394,7579,-1.41,42
395,7600,-1.2,21
396,7650,-0.5,50
397,7700,-0.5,50
398,7750,-0.5,50
399,7800,-0.5,50
400,7821,-1.2,21
401,7871,-0.5,50
402,7921,-0.5,50
403,7971,-0.5,50
404,8021,-0.5,50
405,8070,-1.48,49
406,8118,0.53,48
407,8168,-0.5,50
408,8200,-1.31,32
409,8250,-0.5,50
410,8300,-0.5,50
411,8325,-1.24,25
412,8375,-0.5,50
413,8403,-1.27,28
414,8453,-0.5,50
415,8498,-1.44,45
416,8548,-0.5,50
417,8561,-1.12,13
418,8569,-1.07,8
419,8619,-0.5,50
420,8669,-0.5,50
421,8719,-0.5,50
422,8769,-0.5,50
423,8775,-1.05,6
424,8805,0.71,30
425,8855,-0.5,50
426,8879,-1.23,24
427,8929,-0.5,50
428,8979,-0.5,50
429,8989,-1.09,10
430,8992,-1.02,3
431,9042,-0.5,50
432,9092,-0.5,50
433,9110,-1.17,18
434,9116,-1.05,6
435,9160,-1.43,44
436,9210,-0.5,50
437,9260,-0.5,50
438,9274,-1.13,14
439,9324,-0.5,50
440,9374,-0.5,50
441,9424,-0.5,50
442,9474,-0.5,50
443,9524,-0.5,50
444,9574,-0.5,50
445,9624,-0.5,50
446,9674,-0.5,50
447,9677,-1.02,3
448,9727,-0.5,50
449,9777,-0.5,50
450,9827,-0.5,50
451,9852,-1.24,25
452,9902,-0.5,50
453,9952,-0.5,50
454,10002,-0.5,50
455,10035,0.68,33
456,10085,-0.5,50
457,10135,-0.5,50
458,10147,-1.11,12
459,10197,-0.5,50
460,10243,0.55,46
461,10293,-0.5,50
462,10313,0.81,20
463,10341,0.73,28
464,10363,-1.21,22
465,10402,-1.38,39
466,10411,0.92,9
467,10461,-0.5,50
468,10467,-1.05,6
469,10497,0.71,30
470,10520,0.78,23
471,10570,-0.5,50
472,10620,-0.5,50
473,10670,-0.5,50
474,10720,-0.5,50
475,10770,-0.5,50
476,10776,-1.05,6
477,10826,-0.5,50
478,10839,-1.12,13
479,10889,-0.5,50
480,10928,0.62,39
481,10973,0.56,45
482,11023,-0.5,50
483,11056,-1.32,33
484,11065,-1.08,9
485,11115,-0.5,50
486,11165,-0.5,50
487,11215,-0.5,50
488,11265,-0.5,50
489,11298,-1.32,33
490,11348,-0.5,50
491,11361,-1.12,13
492,11364,-1.02,3
493,11387,0.78,23
494,11437,-0.5,50
495,11476,-1.38,39
496,11526,-0.5,50
497,11576,-0.5,50
498,11626,-0.5,50
499,11676,-0.5,50
500,11714,-1.37,38
501,11764,-0.5,50
502,11814,-0.5,50
503,11864,-0.5,50
504,11914,-0.5,50
505,11964,-0.5,50
506,12014,-0.5,50
507,12064,-0.5,50
508,12114,-0.5,50
509,12164,-0.5,50
510,12214,-0.5,50
511,12261,0.54,47
512,12311,-0.5,50
513,12361,-0.5,50
514,12411,-0.5,50
515,12461,-0.5,50
516,12511,-1.49,50
517,12561,-0.5,50
518,12611,-0.5,50
519,12659,-1.47,48
520,12709,-0.5,50
521,12734,0.76,25
522,12742,0.93,8
523,12792,-0.5,50
524,12833,0.6,41
525,12842,-1.08,9
526,12892,-0.5,50
527,12916,0.77,24
528,12966,-0.5,50
529,12992,-1.25,26
530,13019,0.74,27
531,13069,-0.5,50
532,13119,-0.5,50
533,13159,0.61,40
534,13168,0.92,9
535,13218,-0.5,50
536,13268,-0.5,50
537,13318,-0.5,50
538,13368,-0.5,50
539,13417,-1.48,49
540,13467,-0.5,50
541,13517,-0.5,50
542,13554,0.64,37
543,13570,0.85,16
544,13620,-0.5,50
545,13652,0.69,32
546,13673,0.8,21
547,13723,-0.5,50
548,13773,-0.5,50
549,13781,0.93,8
550,13831,-0.5,50
551,13881,-0.5,50
552,13931,-0.5,50
553,13981,-0.5,50
554,14031,-0.5,50
555,14081,-0.5,50
556,14117,0.65,36
557,14167,-0.5,50
558,14176,0.92,9
559,14226,-0.5,50
560,14260,0.67,34
561,14310,-0.5,50
562,14344,0.67,34
563,14386,0.59,42
564,14428,0.59,42
565,14478,-0.5,50
566,14524,-1.45,46
567,14564,0.61,40
568,14614,-0.5,50
569,14664,-0.5,50
570,14708,0.57,44
571,14748,0.61,40
572,14798,-0.5,50
573,14848,-0.5,50
574,14898,-0.5,50
575,14948,-0.5,50
576,14998,-0.5,50
577,15012,0.87,14
578,15062,-0.5,50
579,15112,-0.5,50
580,15150,-1.37,38
581,15189,0.62,39
582,15239,-0.5,50
583,15266,0.74,27
584,15302,0.65,36
585,15352,-0.5,50
586,15358,-1.05,6
587,15408,-0.5,50
588,15458,-0.5,50
589,15464,-1.05,6
590,15487,0.78,23
591,15495,0.93,8
592,15545,-0.5,50
593,15595,-0.5,50
594,15627,0.69,32
595,15641,-1.13,14
596,15691,-0.5,50
597,15714,0.78,23
598,15764,-0.5,50
599,15814,-0.5,50
600,15841,0.74,27
601,15891,-0.5,50
602,15925,0.67,34
603,15975,-0.5,50
604,16025,-0.5,50
605,16075,-0.5,50
606,16096,0.8,21
607,16142,0.55,46
608,16154,0.89,12
609,16204,-0.5,50
610,16225,0.8,21
611,16264,0.62,39
612,16288,0.77,24
613,16298,0.91,10
614,16306,0.93,8
615,16314,0.93,8
616,16335,0.8,21
617,16385,-0.5,50
618,16419,0.67,34
619,16428,0.92,9
620,16436,0.93,8
621,16446,0.91,10
622,16454,0.93,8
623,16462,0.93,8
624,16470,0.93,8
625,16478,0.93,8
626,16528,-0.5,50
627,16549,0.8,21
628,16557,0.93,8
629,16567,0.91,10
630,16575,0.93,8
631,16595,0.81,20
632,16603,0.93,8
633,16653,-0.5,50
634,16703,0.51,50
635,16713,0.91,10
636,16721,0.93,8
637,16729,0.93,8
638,16746,0.84,17
639,16786,0.61,40
640,16810,0.77,24
641,16824,0.87,14
642,16874,-0.5,50
643,16882,0.93,8
644,16891,0.92,9
645,16899,0.93,8
646,16907,0.93,8
647,16921,0.87,14
648,16931,0.91,10
649,16961,0.71,30
650,16969,0.93,8
651,16974,-1.04,5
652,16982,0.93,8
653,16990,0.93,8
654,17005,0.86,15
655,17014,-1.08,9
656,17050,0.65,36
657,17092,-1.41,42
658,17126,0.67,34
659,17176,-0.5,50
660,17205,0.72,29
661,17250,0.56,45
662,17261,0.9,11
663,17288,0.74,27
664,17297,0.92,9
665,17305,0.93,8
666,17321,0.85,16
667,17329,0.93,8
668,17355,-1.25,26
669,17366,0.9,11
670,17376,0.91,10
671,17387,0.9,11
672,17395,0.93,8
673,17403,0.93,8
674,17406,-1.02,3
675,17414,0.93,8
676,17423,0.92,9
677,17431,0.93,8
678,17470,0.62,39
679,17480,0.91,10
680,17488,0.93,8
681,17497,0.92,9
682,17505,0.93,8
683,17513,0.93,8
684,17523,0.91,10
685,17533,0.91,10
686,17543,0.91,10
687,17551,0.93,8
688,17557,-1.05,6
689,17568,0.9,11
690,17582,-1.13,14
691,17618,0.65,36
692,17626,0.93,8
693,17636,0.91,10
694,17645,0.92,9
695,17653,0.93,8
696,17661,0.93,8
697,17669,0.93,8
698,17676,-1.06,7
699,17703,0.74,27
700,17726,0.78,23
701,17734,0.93,8
702,17742,0.93,8
703,17750,0.93,8
704,17753,-1.02,3
705,17761,0.93,8
706,17774,0.88,13
707,17782,0.93,8
708,17790,0.93,8
709,17798,0.93,8
710,17806,0.93,8
711,17819,0.88,13
712,17827,0.93,8
713,17835,0.93,8
714,17843,0.93,8
715,17851,0.93,8
716,17861,0.91,10
717,17893,0.69,32
718,17926,0.68,33
719,17950,0.77,24
720,18000,-0.5,50
721,18008,0.93,8
722,18016,0.93,8
723,18024,0.93,8
724,18074,-0.5,50
725,18093,0.82,19
726,18101,0.93,8
727,18109,0.93,8
728,18137,-1.27,28
729,18145,0.93,8
730,18155,0.91,10
731,18178,0.78,23
732,18188,0.91,10
733,18198,0.91,10
734,18223,0.76,25
735,18239,0.85,16
736,18247,0.93,8
737,18255,0.93,8
738,18263,0.93,8
739,18274,0.9,11
740,18286,0.89,12
741,18318,0.69,32
742,18326,0.93,8
743,18334,0.93,8
744,18342,0.93,8
745,18350,0.93,8
746,18358,0.93,8
747,18368,0.91,10
748,18378,0.91,10
749,18388,0.91,10
750,18396,0.93,8
751,18404,0.93,8
752,18412,0.93,8
753,18420,0.93,8
754,18428,0.93,8
755,18438,0.91,10
756,18448,0.91,10
757,18456,0.93,8
758,18464,0.93,8
759,18472,0.93,8
760,18488,0.85,16
761,18496,0.93,8
762,18504,0.93,8
763,18512,0.93,8
764,18520,0.93,8
765,18528,0.93,8
766,18536,0.93,8
767,18555,0.82,19
768,18564,0.92,9
769,18572,0.93,8
770,18580,0.93,8
771,18588,0.93,8
772,18596,0.93,8
773,18604,0.93,8
774,18613,0.92,9
775,18621,0.93,8
776,18631,0.91,10
777,18639,0.93,8
778,18647,0.93,8
779,18655,0.93,8
780,18663,0.93,8
781,18671,0.93,8
782,18679,0.93,8
783,18687,0.93,8
784,18695,0.93,8
785,18710,0.86,15
786,18720,0.91,10
787,18728,0.93,8
788,18736,0.93,8
789,18746,0.91,10
790,18758,0.89,12
791,18766,0.93,8
792,18774,0.93,8
793,18782,0.93,8
794,18803,0.8,21
795,18811,0.93,8
796,18835,0.77,24
797,18847,0.89,12
798,18875,0.73,28
799,18883,0.93,8
800,18897,0.87,14
801,18905,0.93,8
802,18913,0.93,8
803,18921,0.93,8
804,18939,0.83,18
805,18949,0.91,10
806,18957,0.93,8
807,18965,0.93,8
808,18983,0.83,18
809,18991,0.93,8
810,18999,0.93,8
811,19014,-1.14,15
812,19022,0.93,8
813,19030,0.93,8
814,19038,0.93,8
815,19048,0.91,10
816,19058,0.91,10
817,19066,0.93,8
818,19074,0.93,8
819,19097,0.78,23
820,19105,0.93,8
821,19113,0.93,8
822,19121,0.93,8
823,19129,0.93,8
824,19139,0.91,10
825,19148,0.92,9
826,19156,0.93,8
827,19166,0.91,10
828,19175,0.92,9
829,19181,-1.05,6
830,19189,0.93,8
831,19216,0.74,27
832,19224,0.93,8
833,19232,0.93,8
834,19242,0.91,10
835,19250,0.93,8
836,19258,0.93,8
837,19288,0.71,30
838,19296,0.93,8
839,19305,0.92,9
840,19328,0.78,23
841,19338,0.91,10
842,19348,0.91,10
843,19356,0.93,8
844,19364,0.93,8
845,19372,0.93,8
846,19380,0.93,8
847,19412,0.69,32
848,19420,0.93,8
849,19428,0.93,8
850,19436,0.93,8
851,19444,0.93,8
852,19452,0.93,8
853,19460,0.93,8
854,19468,0.93,8
855,19476,0.93,8
856,19484,0.93,8
857,19492,0.93,8
858,19500,0.93,8
859,19508,0.93,8
860,19516,0.93,8
861,19524,0.93,8
862,19532,0.93,8
863,19541,0.92,9
864,19551,0.91,10
865,19565,0.87,14
866,19576,0.9,11
867,19584,0.93,8
868,19603,0.82,19
869,19611,0.93,8
870,19619,0.93,8
871,19627,0.93,8
872,19635,0.93,8
873,19643,0.93,8
874,19651,0.93,8
875,19679,0.73,28
876,19687,0.93,8
877,19695,0.93,8
878,19703,0.93,8
879,19711,0.93,8
880,19721,0.91,10
881,19729,0.93,8
882,19737,0.93,8
883,19745,0.93,8
884,19754,0.92,9
885,19762,0.93,8
886,19770,0.93,8
887,19779,0.92,9
888,19787,0.93,8
889,19795,0.93,8
890,19803,0.93,8
891,19811,0.93,8
892,19832,0.8,21
893,19848,0.85,16
894,19856,0.93,8
895,19864,0.93,8
896,19872,0.93,8
897,19876,-1.03,4
898,19886,0.91,10
899,19894,0.93,8
900,19906,0.89,12
901,19915,0.92,9
902,19925,0.91,10
903,19933,0.93,8
904,19941,0.93,8
905,19952,0.9,11
906,19960,0.93,8
907,19968,0.93,8
908,19976,0.93,8
909,19984,0.93,8
910,19992,0.93,8
911,20010,-1.17,18
912,20018,0.93,8
913,20026,0.93,8
914,20048,0.79,22
915,20068,0.81,20
916,20084,0.85,16
917,20092,0.93,8
918,20102,0.91,10
919,20110,0.93,8
920,20118,0.93,8
921,20126,0.93,8
922,20134,0.93,8
923,20146,0.89,12
924,20154,0.93,8
925,20162,0.93,8
926,20170,0.93,8
927,20178,0.93,8
928,20186,0.93,8
929,20194,0.93,8
930,20202,0.93,8
931,20206,-1.03,4
932,20212,-1.05,6
933,20220,0.93,8
934,20228,0.93,8
935,20240,0.89,12
936,20250,0.91,10
937,20258,0.93,8
938,20266,0.93,8
939,20275,0.92,9
940,20283,0.93,8
941,20291,0.93,8
942,20297,-1.05,6
943,20307,0.91,10
944,20315,0.93,8
945,20325,0.91,10
946,20334,0.92,9
947,20342,0.93,8
948,20350,0.93,8
949,20360,0.91,10
950,20368,0.93,8
951,20376,0.93,8
952,20394,0.83,18
953,20402,0.93,8
954,20411,0.92,9
955,20419,0.93,8
956,20427,0.93,8
957,20435,0.93,8
958,20443,0.93,8
959,20454,0.9,11
960,20462,0.93,8
961,20470,0.93,8
962,20478,0.93,8
963,20486,0.93,8
964,20494,0.93,8
965,20503,0.92,9
966,20511,0.93,8
967,20527,0.85,16
968,20560,0.68,33
969,20568,0.93,8
970,20580,0.89,12
971,20588,0.93,8
972,20596,0.93,8
973,20612,0.85,16
974,20624,0.89,12
975,20632,0.93,8
976,20649,0.84,17
977,20661,0.89,12
978,20680,0.82,19
979,20688,0.93,8
980,20696,0.93,8
981,20704,0.93,8
982,20712,0.93,8
983,20720,0.93,8
984,20728,0.93,8
985,20736,0.93,8
986,20744,0.93,8
987,20752,0.93,8
988,20760,0.93,8
989,20770,0.91,10
990,20778,0.93,8
991,20786,0.93,8
992,20794,0.93,8
993,20802,0.93,8
994,20810,0.93,8
995,20818,0.93,8
996,20828,0.91,10
997,20838,0.91,10
998,20846,0.93,8
999,20854,0.93,8
1000,20880,-1.25,26
1001,20888,0.93,8
1002,20897,0.92,9
1003,20905,0.93,8
1004,20918,0.88,13
1005,20926,0.93,8
1006,20934,0.93,8
1007,20942,0.93,8
1008,20950,0.93,8
1009,20958,0.93,8
1010,20966,0.93,8
1011,20974,0.93,8
1012,20982,0.93,8
1013,20990,0.93,8
1014,20998,0.93,8
1015,21006,0.93,8
1016,21016,0.91,10
1017,21024,0.93,8
1018,21032,0.93,8
1019,21037,-1.04,5
1020,21045,0.93,8
1021,21053,0.93,8
1022,21061,0.93,8
1023,21069,0.93,8
1024,21077,0.93,8
1025,21086,0.92,9
1026,21094,0.93,8
1027,21102,0.93,8
1028,21110,0.93,8
1029,21118,0.93,8
1030,21126,0.93,8
1031,21134,0.93,8
1032,21142,0.93,8
1033,21150,0.93,8
1034,21158,0.93,8
1035,21166,0.93,8
1036,21175,0.92,9
1037,21183,0.93,8
1038,21193,0.91,10
1039,21201,0.93,8
1040,21209,0.93,8
1041,21217,0.93,8
1042,21225,0.93,8
1043,21233,0.93,8
1044,21241,0.93,8
1045,21249,0.93,8
1046,21258,0.92,9
1047,21266,0.93,8
1048,21274,0.93,8
1049,21289,0.86,15
1050,21301,0.89,12
1051,21317,0.85,16
1052,21325,0.93,8
1053,21333,0.93,8
1054,21341,0.93,8
1055,21361,0.81,20
1056,21369,0.93,8
1057,21397,0.73,28
1058,21405,0.93,8
1059,21415,0.91,10
1060,21429,0.87,14
1061,21437,0.93,8
1062,21445,0.93,8
1063,21453,0.93,8
1064,21463,0.91,10
1065,21471,0.93,8
1066,21479,0.93,8
1067,21487,0.93,8
1068,21495,0.93,8
1069,21503,0.93,8
1070,21513,0.91,10
1071,21521,0.93,8
1072,21529,0.93,8
1073,21534,-1.04,5
1074,21549,0.86,15
1075,21557,0.93,8
1076,21566,0.92,9
1077,21581,0.86,15
1078,21589,0.93,8
1079,21597,0.93,8
1080,21605,0.93,8
1081,21613,0.93,8
1082,21621,0.93,8
1083,21631,0.91,10
1084,21639,0.93,8
1085,21664,0.76,25
1086,21672,0.93,8
1087,21680,0.93,8
1088,21688,0.93,8
1089,21696,0.93,8
1090,21704,0.93,8
1091,21722,-1.17,18
1092,21730,0.93,8
1093,21738,0.93,8
1094,21746,0.93,8
1095,21754,0.93,8
1096,21762,0.93,8
1097,21770,0.93,8
1098,21782,0.89,12
1099,21799,-1.16,17
1100,21804,-1.04,5
1101,21813,0.92,9
1102,21821,0.93,8
1103,21829,0.93,8
1104,21837,0.93,8
1105,21849,0.89,12
1106,21857,0.93,8
1107,21865,0.93,8
1108,21873,0.93,8
1109,21893,0.81,20
1110,21901,0.93,8
1111,21909,0.93,8
1112,21917,0.93,8
1113,21925,0.93,8
1114,21935,0.91,10
1115,21943,0.93,8
1116,21951,0.93,8
1117,21959,0.93,8
1118,21967,0.93,8
1119,21975,0.93,8
1120,21983,0.93,8
1121,21991,0.93,8
1122,21999,0.93,8
1123,22007,0.93,8
1124,22016,0.92,9
1125,22024,0.93,8
1126,22033,0.92,9
1127,22042,0.92,9
1128,22050,0.93,8
1129,22058,0.93,8
1130,22070,0.89,12
1131,22078,0.93,8
1132,22109,0.7,31
1133,22117,0.93,8
1134,22125,0.93,8
1135,22133,0.93,8
1136,22141,0.93,8
1137,22149,0.93,8
1138,22157,0.93,8
1139,22174,0.84,17
1140,22182,0.93,8
1141,22190,0.93,8
1142,22199,0.92,9
1143,22207,0.93,8
1144,22215,0.93,8
1145,22223,0.93,8
1146,22233,0.91,10
1147,22241,0.93,8
1148,22249,0.93,8
1149,22257,0.93,8
1150,22265,0.93,8
1151,22276,0.9,11
1152,22284,0.93,8
1153,22294,0.91,10
1154,22302,0.93,8
1155,22310,0.93,8
1156,22318,0.93,8
1157,22326,0.93,8
1158,22334,0.93,8
1159,22342,0.93,8
1160,22350,0.93,8
1161,22358,0.93,8
1162,22366,0.93,8
1163,22376,0.91,10
1164,22384,0.93,8
1165,22394,0.91,10
1166,22402,0.93,8
1167,22410,0.93,8
1168,22418,0.93,8
1169,22426,0.93,8
1170,22434,0.93,8
1171,22444,0.91,10
1172,22452,0.93,8
1173,22460,0.93,8
1174,22468,0.93,8
1175,22478,0.91,10
1176,22486,0.93,8
1177,22496,0.91,10
1178,22504,0.93,8
1179,22517,0.88,13
1180,22525,0.93,8
1181,22533,0.93,8
1182,22542,0.92,9
1183,22556,0.87,14
1184,22583,0.74,27
1185,22597,0.87,14
1186,22605,0.93,8
1187,22613,0.93,8
1188,22621,0.93,8
1189,22629,0.93,8
1190,22637,0.93,8
1191,22647,0.91,10
1192,22655,0.93,8
1193,22663,0.93,8
1194,22680,0.84,17
1195,22694,-1.13,14
1196,22702,0.93,8
1197,22710,0.93,8
1198,22718,0.93,8
1199,22728,0.91,10
1200,22736,0.93,8
1201,22746,0.91,10
1202,22754,0.93,8
1203,22762,0.93,8
1204,22770,0.93,8
1205,22790,0.81,20
1206,22798,0.93,8
1207,22809,0.9,11
1208,22817,0.93,8
1209,22825,0.93,8
1210,22833,0.93,8
1211,22842,0.92,9
1212,22850,0.93,8
1213,22858,0.93,8
1214,22882,0.77,24
1215,22890,0.93,8
1216,22898,0.93,8
1217,22906,0.93,8
1218,22909,-1.02,3
1219,22917,0.93,8
1220,22935,0.83,18
1221,22943,0.93,8
1222,22951,0.93,8
1223,22959,0.93,8
1224,22969,0.91,10
1225,22979,0.91,10
1226,22987,0.93,8
1227,22995,0.93,8
1228,23003,0.93,8
1229,23011,0.93,8
1230,23019,0.93,8
1231,23027,0.93,8
1232,23036,0.92,9
1233,23046,0.91,10
1234,23054,0.93,8
1235,23063,0.92,9
1236,23074,0.9,11
1237,23084,0.91,10
1238,23092,0.93,8
1239,23114,0.79,22
1240,23122,0.93,8
1241,23130,0.93,8
1242,23138,0.93,8
1243,23146,0.93,8
1244,23154,0.93,8
1245,23162,0.93,8
1246,23172,0.91,10
1247,23180,0.93,8
1248,23188,0.93,8
1249,23196,0.93,8
1250,23204,0.93,8
1251,23212,0.93,8
1252,23220,0.93,8
1253,23228,0.93,8
1254,23236,0.93,8
1255,23244,0.93,8
1256,23252,0.93,8
1257,23260,0.93,8
1258,23268,0.93,8
1259,23273,-1.04,5
1260,23281,0.93,8
1261,23289,0.93,8
1262,23298,0.92,9
1263,23306,0.93,8
1264,23310,-1.03,4
1265,23319,0.92,9
1266,23327,0.93,8
1267,23335,0.93,8
1268,23343,0.93,8
1269,23351,0.93,8
1270,23366,0.86,15
1271,23374,0.93,8
1272,23382,0.93,8
1273,23390,0.93,8
1274,23398,0.93,8
1275,23406,0.93,8
1276,23414,0.93,8
1277,23424,0.91,10
1278,23429,-1.04,5
1279,23438,0.92,9
1280,23446,0.93,8
1281,23456,0.91,10
1282,23468,0.89,12
1283,23474,-1.05,6
1284,23482,0.93,8
1285,23490,0.93,8
1286,23498,0.93,8
1287,23506,0.93,8
1288,23514,0.93,8
1289,23522,0.93,8
1290,23530,0.93,8
1291,23564,-1.33,34
1292,23572,0.93,8
1293,23580,0.93,8
1294,23588,0.93,8
1295,23597,0.92,9
1296,23605,0.93,8
1297,23613,0.93,8
1298,23621,0.93,8
1299,23629,0.93,8
1300,23639,0.91,10
1301,23653,0.87,14
1302,23661,0.93,8
1303,23671,0.91,10
1304,23692,0.8,21
1305,23702,0.91,10
1306,23712,0.91,10
1307,23729,0.84,17
1308,23737,0.93,8
1309,23752,0.86,15
1310,23760,0.93,8
1311,23768,0.93,8
1312,23781,0.88,13
1313,23791,0.91,10
1314,23799,0.93,8
1315,23826,0.74,27
1316,23837,0.9,11
1317,23869,0.69,32
1318,23897,0.73,28
1319,23905,0.93,8
1320,23920,0.86,15
1321,23928,0.93,8
1322,23936,0.93,8
1323,23944,0.93,8
1324,23966,0.79,22
1325,23974,0.93,8
1326,23992,0.83,18
1327,24000,0.93,8
1328,24009,0.92,9
1329,24019,0.91,10
1330,24030,0.9,11
1331,24038,0.93,8
1332,24058,0.81,20
1333,24066,0.93,8
1334,24075,0.92,9
1335,24103,0.73,28
1336,24111,-1.07,8
1337,24119,0.93,8
1338,24127,0.93,8
1339,24132,-1.04,5
1340,24147,0.86,15
1341,24155,0.93,8
1342,24167,0.89,12
1343,24175,0.93,8
1344,24183,0.93,8
1345,24191,0.93,8
1346,24199,0.93,8
1347,24207,0.93,8
1348,24215,0.93,8
1349,24223,0.93,8
1350,24231,0.93,8
1351,24239,0.93,8
1352,24247,0.93,8
1353,24255,0.93,8
1354,24263,0.93,8
1355,24272,0.92,9
1356,24280,0.93,8
1357,24288,0.93,8
1358,24296,0.93,8
1359,24304,0.93,8
1360,24312,0.93,8
1361,24320,0.93,8
1362,24328,0.93,8
1363,24339,0.9,11
1364,24347,0.93,8
1365,24355,0.93,8
1366,24364,0.92,9
1367,24372,0.93,8
1368,24380,0.93,8
1369,24388,0.93,8
1370,24396,0.93,8
1371,24426,0.71,30
1372,24454,0.73,28
1373,24462,0.93,8
1374,24478,0.85,16
1375,24488,0.91,10
1376,24496,0.93,8
1377,24504,0.93,8
1378,24512,0.93,8
1379,24520,0.93,8
1380,24537,0.84,17
1381,24547,0.91,10
1382,24555,0.93,8
1383,24563,0.93,8
1384,24589,0.75,26
1385,24597,0.93,8
1386,24605,0.93,8
1387,24613,0.93,8
1388,24621,0.93,8
1389,24631,0.91,10
1390,24640,0.92,9
1391,24648,0.93,8
1392,24656,0.93,8
1393,24666,0.91,10
1394,24674,0.93,8
1395,24686,0.89,12
1396,24694,0.93,8
1397,24703,0.92,9
1398,24711,0.93,8
1399,24719,0.93,8
1400,24727,0.93,8
1401,24735,0.93,8
1402,24751,0.85,16
1403,24774,0.78,23
1404,24782,0.93,8
1405,24796,0.87,14
1406,24805,0.92,9
1407,24813,0.93,8
1408,24827,0.87,14
1409,24840,0.88,13
1410,24848,0.93,8
1411,24852,-1.03,4
1412,24860,0.93,8
1413,24882,0.79,22
1414,24890,0.93,8
1415,24899,0.92,9
1416,24907,0.93,8
1417,24915,0.93,8
1418,24923,0.93,8
1419,24935,0.89,12
1420,24966,0.7,31
1421,24974,0.93,8
1422,24984,0.91,10
1423,25012,0.73,28
1424,25020,0.93,8
1425,25041,0.8,21
1426,25049,0.93,8
1427,25069,0.81,20
1428,25079,0.91,10
1429,25089,0.91,10
1430,25097,0.93,8
1431,25105,0.93,8
1432,25113,0.93,8
1433,25121,0.93,8
1434,25129,0.93,8
1435,25140,0.9,11
1436,25148,0.93,8
1437,25156,0.93,8
1438,25164,0.93,8
1439,25172,0.93,8
1440,25182,0.91,10
1441,25190,0.93,8
1442,25198,0.93,8
1443,25206,0.93,8
1444,25214,0.93,8
1445,25223,0.92,9
1446,25231,0.93,8
1447,25239,0.93,8
1448,25247,0.93,8
1449,25255,0.93,8
1450,25265,0.91,10
1451,25273,0.93,8
1452,25300,0.74,27
1453,25308,0.93,8
1454,25316,0.93,8
1455,25325,0.92,9
1456,25333,0.93,8
1457,25343,0.91,10
1458,25351,0.93,8
1459,25359,0.93,8
1460,25369,0.91,10
1461,25377,0.93,8
1462,25385,0.93,8
1463,25416,0.7,31
1464,25439,0.78,23
1465,25447,0.93,8
1466,25455,0.93,8
1467,25463,0.93,8
1468,25471,0.93,8
1469,25479,0.93,8
1470,25489,0.91,10
1471,25497,0.93,8
1472,25505,0.93,8
1473,25513,0.93,8
1474,25521,0.93,8
1475,25529,0.93,8
1476,25537,0.93,8
1477,25547,0.91,10
1478,25555,0.93,8
1479,25563,0.93,8
1480,25571,0.93,8
1481,25583,0.89,12
1482,25593,0.91,10
1483,25599,-1.05,6
1484,25607,0.93,8
1485,25615,0.93,8
1486,25623,0.93,8
1487,25632,0.92,9
1488,25640,0.93,8
1489,25652,0.89,12
1490,25660,0.93,8
1491,25676,0.85,16
1492,25684,0.93,8
1493,25692,0.93,8
1494,25715,0.78,23
1495,25723,0.93,8
1496,25731,0.93,8
1497,25739,0.93,8
1498,25751,0.89,12
1499,25763,0.89,12
1500,25771,0.93,8
1501,25784,0.88,13
1502,25792,0.93,8
1503,25800,0.93,8
1504,25825,0.76,25
1505,25836,0.9,11
1506,25853,0.84,17
1507,25863,0.91,10
1508,25871,0.93,8
1509,25883,0.89,12
1510,25891,0.93,8
1511,25895,-1.03,4
1512,25903,0.93,8
1513,25911,0.93,8
1514,25917,-1.05,6
1515,25925,0.93,8
1516,25934,0.92,9
1517,25942,0.93,8
1518,25950,0.93,8
1519,25958,0.93,8
1520,25997,0.62,39
1521,26005,0.93,8
1522,26015,0.91,10
1523,26023,0.93,8
1524,26031,0.93,8
1525,26040,0.92,9
1526,26048,0.93,8
1527,26061,-1.12,13
1528,26065,-1.03,4
1529,26084,0.82,19
1530,26098,0.87,14
1531,26106,0.93,8
1532,26114,0.93,8
1533,26122,0.93,8
1534,26131,0.92,9
1535,26139,0.93,8
1536,26148,0.92,9
1537,26156,0.93,8
1538,26165,0.92,9
1539,26173,0.93,8
1540,26185,0.89,12
1541,26217,0.69,32
1542,26225,0.93,8
1543,26233,0.93,8
1544,26243,0.91,10
1545,26253,0.91,10
1546,26261,0.93,8
1547,26269,0.93,8
1548,26277,0.93,8
1549,26285,0.93,8
1550,26293,0.93,8
1551,26301,0.93,8
1552,26309,0.93,8
1553,26317,0.93,8
1554,26320,-1.02,3
1555,26330,0.91,10
1556,26338,0.93,8
1557,26346,0.93,8
1558,26354,0.93,8
1559,26362,0.93,8
1560,26370,0.93,8
1561,26378,0.93,8
1562,26386,0.93,8
1563,26394,0.93,8
1564,26402,0.93,8
1565,26410,0.93,8
1566,26418,0.93,8
1567,26426,0.93,8
1568,26434,0.93,8
1569,26442,0.93,8
1570,26450,0.93,8
1571,26458,0.93,8
1572,26466,0.93,8
1573,26474,0.93,8
1574,26479,-1.04,5
1575,26489,0.91,10
1576,26497,0.93,8
1577,26505,0.93,8
1578,26513,0.93,8
1579,26521,0.93,8
1580,26529,0.93,8
1581,26537,0.93,8
1582,26547,0.91,10
1583,26555,0.93,8
1584,26563,0.93,8
1585,26571,0.93,8
1586,26579,0.93,8
1587,26587,0.93,8
1588,26595,0.93,8
1589,26603,0.93,8
1590,26611,0.93,8
1591,26619,0.93,8
1592,26627,0.93,8
1593,26635,0.93,8
1594,26643,0.93,8
1595,26655,0.89,12
1596,26663,0.93,8
1597,26671,0.93,8
1598,26679,0.93,8
1599,26687,0.93,8
1600,26695,0.93,8
1601,26703,0.93,8
1602,26711,0.93,8
1603,26721,0.91,10
1604,26729,0.93,8
1605,26737,0.93,8
1606,26747,0.91,10
1607,26755,0.93,8
1608,26763,0.93,8
1609,26771,0.93,8
1610,26779,0.93,8
1611,26787,0.93,8
1612,26795,0.93,8
1613,26803,0.93,8
1614,26813,0.91,10
1615,26821,0.93,8
1616,26829,0.93,8
1617,26866,0.64,37
1618,26874,0.93,8
1619,26882,0.93,8
1620,26890,0.93,8
1621,26898,0.93,8
1622,26906,0.93,8
1623,26914,0.93,8
1624,26922,0.93,8
1625,26930,0.93,8
1626,26938,0.93,8
1627,26988,-0.5,50
1628,27038,-0.5,50
1629,27053,0.86,15
1630,27061,0.93,8
1631,27067,-1.05,6
1632,27079,0.89,12
1633,27089,0.91,10
1634,27137,0.53,48
1635,27152,0.86,15
1636,27160,0.93,8
1637,27168,0.93,8
1638,27176,0.93,8
1639,27184,0.93,8
1640,27192,0.93,8
1641,27242,-0.5,50
1642,27250,0.93,8
1643,27262,0.89,12
1644,27270,0.93,8
1645,27296,0.75,26
1646,27304,0.93,8
1647,27325,0.8,21
1648,27333,0.93,8
1649,27345,0.89,12
1650,27384,0.62,39
1651,27434,-0.5,50
1652,27442,0.93,8
1653,27492,-0.5,50
1654,27533,0.6,41
1655,27581,0.53,48
1656,27593,0.89,12
1657,27601,0.93,8
1658,27609,0.93,8
1659,27659,-0.5,50
1660,27673,0.87,14
1661,27681,0.93,8
1662,27689,0.93,8
1663,27697,0.93,8
1664,27718,0.8,21
1665,27726,0.93,8
1666,27770,0.57,44
1667,27785,0.86,15
1668,27821,0.65,36
1669,27833,0.89,12
1670,27840,-1.06,7
1671,27850,0.91,10
1672,27858,0.93,8
1673,27868,0.91,10
1674,27890,0.79,22
1675,27899,0.92,9
1676,27907,0.93,8
1677,27915,0.93,8
1678,27923,0.93,8
1679,27931,0.93,8
1680,27941,0.91,10
1681,27949,0.93,8
1682,27952,-1.02,3
1683,27976,-1.23,24
1684,27987,-1.1,11
1685,27995,0.93,8
1686,28003,0.93,8
1687,28011,0.93,8
1688,28020,0.92,9
1689,28041,0.8,21
1690,28050,0.92,9
1691,28058,0.93,8
1692,28067,0.92,9
1693,28077,0.91,10
1694,28085,0.93,8
1695,28093,0.93,8
1696,28101,0.93,8
1697,28109,0.93,8
1698,28117,0.93,8
1699,28125,0.93,8
1700,28133,0.93,8
1701,28142,0.92,9
1702,28150,0.93,8
1703,28158,0.93,8
1704,28166,0.93,8
1705,28188,0.79,22
1706,28198,0.91,10
1707,28206,0.93,8
1708,28214,0.93,8
1709,28236,0.79,22
1710,28246,0.91,10
1711,28254,0.93,8
1712,28262,0.93,8
1713,28270,0.93,8
1714,28292,0.79,22
1715,28302,0.91,10
1716,28310,0.93,8
1717,28320,0.91,10
1718,28328,0.93,8
1719,28336,0.93,8
1720,28344,0.93,8
1721,28352,0.93,8
1722,28360,0.93,8
1723,28368,0.93,8
1724,28396,0.73,28
1725,28404,0.93,8
1726,28412,0.93,8
1727,28420,0.93,8
1728,28428,0.93,8
1729,28436,0.93,8
1730,28444,0.93,8
1731,28452,0.93,8
1732,28460,0.93,8
1733,28468,0.93,8
1734,28476,0.93,8
1735,28484,0.93,8
1736,28492,0.93,8
1737,28500,0.93,8
1738,28508,0.93,8
1739,28522,0.87,14
1740,28532,0.91,10
1741,28540,0.93,8
1742,28543,-1.02,3
1743,28551,0.93,8
1744,28561,0.91,10
1745,28567,-1.05,6
1746,28575,0.93,8
1747,28583,0.93,8
1748,28593,0.91,10
1749,28602,0.92,9
1750,28610,0.93,8
1751,28618,0.93,8
1752,28626,0.93,8
1753,28634,0.93,8
1754,28646,0.89,12
1755,28658,0.89,12
1756,28666,0.93,8
1757,28678,-1.11,12
1758,28690,0.89,12
1759,28714,0.77,24
1760,28724,0.91,10
1761,28742,0.83,18
1762,28752,0.91,10
1763,28762,0.91,10
1764,28770,0.93,8
1765,28778,0.93,8
1766,28801,0.78,23
1767,28809,0.93,8
1768,28819,0.91,10
1769,28831,0.89,12
1770,28841,0.91,10
1771,28849,0.93,8
1772,28857,0.93,8
1773,28867,0.91,10
1774,28875,0.93,8
1775,28889,0.87,14
1776,28897,0.93,8
1777,28905,0.93,8
1778,28913,0.93,8
1779,28922,0.92,9
1780,28930,0.93,8
1781,28938,0.93,8
1782,28951,0.88,13
1783,28960,0.92,9
1784,28969,0.92,9
1785,28977,0.93,8
1786,28982,-1.04,5
1787,28994,0.89,12
1788,29005,0.9,11
1789,29017,0.89,12
1790,29035,0.83,18
1791,29049,0.87,14
1792,29077,0.73,28
1793,29087,0.91,10
1794,29106,0.82,19
1795,29114,0.93,8
1796,29122,0.93,8
1797,29130,0.93,8
1798,29139,0.92,9
1799,29173,0.67,34
1800,29181,0.93,8
1801,29200,0.82,19
1802,29208,0.93,8
1803,29221,0.88,13
1804,29229,0.93,8
1805,29237,0.93,8
1806,29249,0.89,12
1807,29257,0.93,8
1808,29265,0.93,8
1809,29273,0.93,8
1810,29283,0.91,10
1811,29291,0.93,8
1812,29299,0.93,8
1813,29308,0.92,9
1814,29316,0.93,8
1815,29324,0.93,8
1816,29332,0.93,8
1817,29341,0.92,9
1818,29349,0.93,8
1819,29357,0.93,8
1820,29365,0.93,8
1821,29374,0.92,9
1822,29382,0.93,8
1823,29385,-1.02,3
1824,29393,0.93,8
1825,29401,0.93,8
1826,29409,0.93,8
1827,29417,0.93,8
1828,29425,0.93,8
1829,29436,0.9,11
1830,29444,0.93,8
1831,29452,0.93,8
1832,29455,-1.02,3
1833,29463,0.93,8
1834,29471,0.93,8
1835,29479,0.93,8
1836,29487,0.93,8
1837,29495,0.93,8
1838,29514,0.82,19
1839,29526,0.89,12
1840,29534,0.93,8
1841,29580,0.55,46
1842,29599,0.82,19
1843,29612,0.88,13
1844,29620,0.93,8
1845,29628,0.93,8
1846,29636,0.93,8
1847,29644,0.93,8
1848,29653,0.92,9
1849,29661,0.93,8
1850,29676,0.86,15
1851,29684,0.93,8
1852,29689,-1.04,5
1853,29697,0.93,8
1854,29705,0.93,8
1855,29715,0.91,10
1856,29723,0.93,8
1857,29733,0.91,10
1858,29741,0.93,8
1859,29749,0.93,8
1860,29757,0.93,8
1861,29765,0.93,8
1862,29782,0.84,17
1863,29792,0.91,10
1864,29800,0.93,8
1865,29810,0.91,10
1866,29818,0.93,8
1867,29827,0.92,9
1868,29835,0.93,8
1869,29845,0.91,10
1870,29855,0.91,10
1871,29865,0.91,10
1872,29873,0.93,8
1873,29881,0.93,8
1874,29889,0.93,8
1875,29897,0.93,8
1876,29909,0.89,12
1877,29917,0.93,8
1878,29927,0.91,10
1879,29935,0.93,8
1880,29945,0.91,10
1881,29953,0.93,8
1882,29961,0.93,8
1883,29969,0.93,8
1884,29977,0.93,8
1885,29985,0.93,8
1886,29994,0.92,9
